<root>

	<styles>
		<include src="file://{resources}/styles/custom_game/custom_loading_screen.css" />
	</styles>
	<Panel class="AddonLoadingRoot">
		<Panel id="CustomBg" >
			<Image src="file://{images}/custom_game/loading_screen/custom_bg.png" scaling="stretch-to-fit-preserve-aspect" />
		</Panel>
		<Panel hittest="false" style="visibility: collapse;">

		</Panel>
		<Panel id="TitlePanel">
			<Label id="AddonTitle" text="#addon_game_name" style="" />
		</Panel>
	</Panel>
</root>